Title,URL,Start date,Target date,Labels,Milestone,Assignees,Parent issue,Sub-issues progress,Status,Sprint,Estimate,Linked pull requests,Predecessor
F1. Iniciação,https://github.com/fcte-pi1/2026.2_PI1_Grupo1_Diogo/issues/2,"Sep 2, 2026","Sep 9, 2026","Fase, Geral",AP2 - TAP,GustOki,,1 / 1 (100%),Fechado,,,,
1. Entrega 1 — Abertura do Projeto,https://github.com/fcte-pi1/2026.2_PI1_Grupo1_Diogo/issues/6,"Sep 2, 2026","Sep 9, 2026","entrega, Geral",AP2 - TAP,GustOki,https://github.com/fcte-pi1/2026.2_PI1_Grupo1_Diogo/issues/2,1 / 1 (100%),Fechado,,,,
1.1. Termo de Abertura do Projeto,https://github.com/fcte-pi1/2026.2_PI1_Grupo1_Diogo/issues/11,"Sep 2, 2026","Sep 9, 2026","pacote de trabalho, Geral",AP2 - TAP,"samuelncaetano, teuszindls, matiasmarin89",https://github.com/fcte-pi1/2026.2_PI1_Grupo1_Diogo/issues/6,,Fechado,,,,
F2. Planejamento,https://github.com/fcte-pi1/2026.2_PI1_Grupo1_Diogo/issues/3,"Sep 10, 2026","Sep 30, 2026","Fase, Geral",AP6 - Cronograma e Orcamento,"GustOki, samuelncaetano",,1 / 1 (100%),Fechado,,,,F1
2. Entrega 2 — Planejamento do Produto,https://github.com/fcte-pi1/2026.2_PI1_Grupo1_Diogo/issues/7,"Sep 10, 2026","Sep 30, 2026","entrega, Geral",AP6 - Cronograma e Orcamento,"GustOki, LucasAlves71",https://github.com/fcte-pi1/2026.2_PI1_Grupo1_Diogo/issues/3,8 / 8 (100%),Fechado,,,,1
2.1. Requisitos do Produto,https://github.com/fcte-pi1/2026.2_PI1_Grupo1_Diogo/issues/12,"Sep 10, 2026","Sep 14, 2026","pacote de trabalho, Geral",AP3 - Requisitos,GustOki,https://github.com/fcte-pi1/2026.2_PI1_Grupo1_Diogo/issues/7,10 / 10 (100%),Fechado,,,,1.1
2.1.1. Coletar requisitos das quatro frentes,https://github.com/fcte-pi1/2026.2_PI1_Grupo1_Diogo/issues/36,"Sep 11, 2026","Sep 12, 2026","atividade, Geral",AP3 - Requisitos,"GustOki, LucasAlves71",https://github.com/fcte-pi1/2026.2_PI1_Grupo1_Diogo/issues/12,,Fechado,,,,1.1
"2.1.2. Consolidar, numerar e priorizar em MoSCoW",https://github.com/fcte-pi1/2026.2_PI1_Grupo1_Diogo/issues/37,"Sep 12, 2026","Sep 13, 2026","atividade, Geral",AP3 - Requisitos,"samuelncaetano, alice-mariano",https://github.com/fcte-pi1/2026.2_PI1_Grupo1_Diogo/issues/12,,Fechado,,,,2.1.1
2.1.3. Criar a issue de cada RF e RNF no Projects,https://github.com/fcte-pi1/2026.2_PI1_Grupo1_Diogo/issues/38,"Sep 13, 2026","Sep 13, 2026","atividade, Geral",AP3 - Requisitos,LucasAlves71,https://github.com/fcte-pi1/2026.2_PI1_Grupo1_Diogo/issues/12,,Fechado,,,https://github.com/fcte-pi1/2026.2_PI1_Grupo1_Diogo/pull/237,2.1.2
2.1.4. Preencher a tabela de requisitos com os links das issues,https://github.com/fcte-pi1/2026.2_PI1_Grupo1_Diogo/issues/39,"Sep 13, 2026","Sep 14, 2026","atividade, Geral",AP3 - Requisitos,LucasAlves71,https://github.com/fcte-pi1/2026.2_PI1_Grupo1_Diogo/issues/12,,Fechado,,,https://github.com/fcte-pi1/2026.2_PI1_Grupo1_Diogo/pull/237,2.1.3
2.1.5. Requisitos — Estruturas,https://github.com/fcte-pi1/2026.2_PI1_Grupo1_Diogo/issues/75,"Sep 13, 2026","Sep 14, 2026","atividade, Estruturas",AP3 - Requisitos,gabrielcs-aero,https://github.com/fcte-pi1/2026.2_PI1_Grupo1_Diogo/issues/12,0 / 9 (0%),Fechado,,,,2.1.2
2.1.6. Requisitos — Hardware,https://github.com/fcte-pi1/2026.2_PI1_Grupo1_Diogo/issues/76,"Sep 13, 2026","Sep 14, 2026","atividade, Eletrônica",AP3 - Requisitos,matiasmarin89,https://github.com/fcte-pi1/2026.2_PI1_Grupo1_Diogo/issues/12,0 / 38 (0%),Fechado,,,,2.1.2
2.1.7. Requisitos — Energia,https://github.com/fcte-pi1/2026.2_PI1_Grupo1_Diogo/issues/77,"Sep 13, 2026","Sep 14, 2026","atividade, Energia",AP3 - Requisitos,teuszindls,https://github.com/fcte-pi1/2026.2_PI1_Grupo1_Diogo/issues/12,0 / 10 (0%),Fechado,,,,2.1.2
2.1.8. Requisitos — Software / Firmware,https://github.com/fcte-pi1/2026.2_PI1_Grupo1_Diogo/issues/78,"Sep 13, 2026","Sep 14, 2026","atividade, Software",AP3 - Requisitos,"GustOki, samuelncaetano",https://github.com/fcte-pi1/2026.2_PI1_Grupo1_Diogo/issues/12,0 / 36 (0%),Fechado,,,,2.1.2
2.1.9. Requisitos — Software / Frontend,https://github.com/fcte-pi1/2026.2_PI1_Grupo1_Diogo/issues/79,"Sep 13, 2026","Sep 14, 2026","atividade, Software",AP3 - Requisitos,alice-mariano,https://github.com/fcte-pi1/2026.2_PI1_Grupo1_Diogo/issues/12,0 / 26 (0%),Fechado,,,,2.1.2
2.1.10. Requisitos — Software / Backend,https://github.com/fcte-pi1/2026.2_PI1_Grupo1_Diogo/issues/80,"Sep 13, 2026","Sep 14, 2026","atividade, Software",AP3 - Requisitos,"Natan8643, LucasAlves71",https://github.com/fcte-pi1/2026.2_PI1_Grupo1_Diogo/issues/12,0 / 38 (0%),Fechado,,,,2.1.2
2.2. Estrutura Analítica de Produto,https://github.com/fcte-pi1/2026.2_PI1_Grupo1_Diogo/issues/13,"Sep 14, 2026","Sep 16, 2026","pacote de trabalho, Geral",AP4 - EAP,GustOki,https://github.com/fcte-pi1/2026.2_PI1_Grupo1_Diogo/issues/7,3 / 3 (100%),Fechado,,,,2.1
2.2.1. Revisar a decomposição da EAP na view EAP do board,https://github.com/fcte-pi1/2026.2_PI1_Grupo1_Diogo/issues/40,"Sep 14, 2026","Sep 15, 2026","atividade, Geral",AP4 - EAP,"samuelncaetano, matiasmarin89",https://github.com/fcte-pi1/2026.2_PI1_Grupo1_Diogo/issues/13,,Fechado,,,,2.1.4
2.2.2. Gerar a imagem da representação da EAP,https://github.com/fcte-pi1/2026.2_PI1_Grupo1_Diogo/issues/41,"Sep 15, 2026","Sep 16, 2026","atividade, Geral",AP4 - EAP,teuszindls,https://github.com/fcte-pi1/2026.2_PI1_Grupo1_Diogo/issues/13,,Fechado,,,,2.2.1
2.2.3. Preencher o documento da EAP,https://github.com/fcte-pi1/2026.2_PI1_Grupo1_Diogo/issues/42,"Sep 15, 2026","Sep 16, 2026","atividade, Geral",AP4 - EAP,gabrielcs-aero,https://github.com/fcte-pi1/2026.2_PI1_Grupo1_Diogo/issues/13,,Fechado,,,,2.2.2
2.3. Projeto Conceitual de Estruturas,https://github.com/fcte-pi1/2026.2_PI1_Grupo1_Diogo/issues/14,"Sep 17, 2026","Sep 28, 2026","pacote de trabalho, Estruturas",AP5 - Projeto Conceitual,gabrielcs-aero,https://github.com/fcte-pi1/2026.2_PI1_Grupo1_Diogo/issues/7,0 / 3 (0%),Fechado,,,,2.2
2.4. Projeto Conceitual de Energia,https://github.com/fcte-pi1/2026.2_PI1_Grupo1_Diogo/issues/15,"Sep 17, 2026","Sep 28, 2026","pacote de trabalho, Energia",AP5 - Projeto Conceitual,teuszindls,https://github.com/fcte-pi1/2026.2_PI1_Grupo1_Diogo/issues/7,4 / 4 (100%),Fechado,,,,2.2
2.5. Projeto Conceitual de Hardware,https://github.com/fcte-pi1/2026.2_PI1_Grupo1_Diogo/issues/16,"Sep 17, 2026","Sep 28, 2026","pacote de trabalho, Eletrônica",AP5 - Projeto Conceitual,matiasmarin89,https://github.com/fcte-pi1/2026.2_PI1_Grupo1_Diogo/issues/7,4 / 4 (100%),Fechado,,,,2.2
2.6. Projeto Conceitual de Software,https://github.com/fcte-pi1/2026.2_PI1_Grupo1_Diogo/issues/17,"Sep 17, 2026","Sep 28, 2026","pacote de trabalho, Software",AP5 - Projeto Conceitual,samuelncaetano,https://github.com/fcte-pi1/2026.2_PI1_Grupo1_Diogo/issues/7,11 / 11 (100%),Fechado,Sprint 4,,,2.2
2.7. Cronograma do Projeto,https://github.com/fcte-pi1/2026.2_PI1_Grupo1_Diogo/issues/18,"Sep 17, 2026","Sep 30, 2026","pacote de trabalho, Geral",AP6 - Cronograma e Orcamento,"GustOki, LucasAlves71",https://github.com/fcte-pi1/2026.2_PI1_Grupo1_Diogo/issues/7,3 / 3 (100%),Fechado,,,,2.2
2.8. Orçamento do Projeto,https://github.com/fcte-pi1/2026.2_PI1_Grupo1_Diogo/issues/19,"Sep 17, 2026","Sep 30, 2026","pacote de trabalho, Geral",AP6 - Cronograma e Orcamento,GustOki,https://github.com/fcte-pi1/2026.2_PI1_Grupo1_Diogo/issues/7,3 / 3 (100%),Fechado,,,,2.2
"2.3.1. Desenho CAD do chassi com cotas, materiais e partes",https://github.com/fcte-pi1/2026.2_PI1_Grupo1_Diogo/issues/43,"Sep 17, 2026","Sep 24, 2026","atividade, Estruturas",AP5 - Projeto Conceitual,"Jp-te, spycidymaligno",https://github.com/fcte-pi1/2026.2_PI1_Grupo1_Diogo/issues/14,,Fechado,,,,2.2
"2.4.1. Levantar consumo de cada componente (tensão, corrente, tempo)",https://github.com/fcte-pi1/2026.2_PI1_Grupo1_Diogo/issues/46,"Sep 17, 2026","Sep 22, 2026","atividade, Energia",AP5 - Projeto Conceitual,kalebmacedo,https://github.com/fcte-pi1/2026.2_PI1_Grupo1_Diogo/issues/15,,Fechado,,,,2.2
2.5.1. Diagrama de blocos do hardware,https://github.com/fcte-pi1/2026.2_PI1_Grupo1_Diogo/issues/50,"Sep 17, 2026","Sep 28, 2026","atividade, Eletrônica",AP5 - Projeto Conceitual,matiasmarin89,https://github.com/fcte-pi1/2026.2_PI1_Grupo1_Diogo/issues/16,,Fechado,,,,2.2
2.7.1. Completar datas e responsáveis de todos os itens do board,https://github.com/fcte-pi1/2026.2_PI1_Grupo1_Diogo/issues/61,"Sep 17, 2026","Sep 28, 2026","atividade, Geral",AP6 - Cronograma e Orcamento,"GustOki, LucasAlves71",https://github.com/fcte-pi1/2026.2_PI1_Grupo1_Diogo/issues/18,,Fechado,,,,2.2.1
2.8.1. Consolidar o orçamento das frentes,https://github.com/fcte-pi1/2026.2_PI1_Grupo1_Diogo/issues/64,"Sep 17, 2026","Sep 25, 2026","atividade, Geral",AP6 - Cronograma e Orcamento,"gabrielcs-aero, samuelncaetano, teuszindls, matiasmarin89",https://github.com/fcte-pi1/2026.2_PI1_Grupo1_Diogo/issues/19,3 / 3 (100%),Fechado,,,,2.2
2.8.1.1. Consolidar o orçamento Hardware,https://github.com/fcte-pi1/2026.2_PI1_Grupo1_Diogo/issues/308,"Sep 17, 2026","Sep 25, 2026","atividade, Eletrônica",AP6 - Cronograma e Orcamento,matiasmarin89,https://github.com/fcte-pi1/2026.2_PI1_Grupo1_Diogo/issues/64,,Fechado,,0,,2.2
2.8.1.2. Consolidar o orçamento Estruturas,https://github.com/fcte-pi1/2026.2_PI1_Grupo1_Diogo/issues/309,"Sep 17, 2026","Sep 25, 2026","Eletrônica, Estruturas",AP6 - Cronograma e Orcamento,gabrielcs-aero,https://github.com/fcte-pi1/2026.2_PI1_Grupo1_Diogo/issues/64,,Fechado,,0,,2.2
2.8.1.3. Consolidar o orçamento Energia,https://github.com/fcte-pi1/2026.2_PI1_Grupo1_Diogo/issues/310,"Sep 17, 2026","Sep 25, 2026","atividade, Energia",AP6 - Cronograma e Orcamento,teuszindls,https://github.com/fcte-pi1/2026.2_PI1_Grupo1_Diogo/issues/64,,Fechado,,0,,2.2
Épico 1 — Backlog do Produto,https://github.com/fcte-pi1/2026.2_PI1_Grupo1_Diogo/issues/240,"Sep 21, 2026","Sep 28, 2026","épico, Software",AP5 - Projeto Conceitual,samuelncaetano,https://github.com/fcte-pi1/2026.2_PI1_Grupo1_Diogo/issues/17,4 / 4 (100%),Fechado,Sprint 4,0,,2.2
1.1 Escrever HUs do Firmware (RF-27…56),https://github.com/fcte-pi1/2026.2_PI1_Grupo1_Diogo/issues/241,"Sep 21, 2026","Sep 29, 2026","atividade, Software",AP5 - Projeto Conceitual,"GustOki, samuelncaetano",https://github.com/fcte-pi1/2026.2_PI1_Grupo1_Diogo/issues/240,,Fechado,,0,,2.1.8
1.2 Escrever HUs do Backend (RF-72…98),https://github.com/fcte-pi1/2026.2_PI1_Grupo1_Diogo/issues/242,"Sep 21, 2026","Sep 25, 2026","atividade, Software",AP5 - Projeto Conceitual,LucasAlves71,https://github.com/fcte-pi1/2026.2_PI1_Grupo1_Diogo/issues/240,,Fechado,,0,https://github.com/fcte-pi1/2026.2_PI1_Grupo1_Diogo/pull/261,2.1.10
1.3 Escrever HUs do Frontend (RF-57…71),https://github.com/fcte-pi1/2026.2_PI1_Grupo1_Diogo/issues/243,"Sep 21, 2026","Sep 29, 2026","atividade, Software",AP5 - Projeto Conceitual,"Natan8643, alice-mariano",https://github.com/fcte-pi1/2026.2_PI1_Grupo1_Diogo/issues/240,,Fechado,,0,,2.1.9
1.4 Protótipos de alta fidelidade do dashboard,https://github.com/fcte-pi1/2026.2_PI1_Grupo1_Diogo/issues/244,"Sep 21, 2026","Sep 29, 2026","atividade, Software",AP5 - Projeto Conceitual,"Natan8643, alice-mariano",https://github.com/fcte-pi1/2026.2_PI1_Grupo1_Diogo/issues/240,,Fechado,,0,,#243
Épico 2 — Diagrama de Atividades UML,https://github.com/fcte-pi1/2026.2_PI1_Grupo1_Diogo/issues/245,"Sep 21, 2026","Sep 28, 2026","épico, Software",AP5 - Projeto Conceitual,samuelncaetano,https://github.com/fcte-pi1/2026.2_PI1_Grupo1_Diogo/issues/17,4 / 4 (100%),Fechado,Sprint 4,0,,#240
2.1 Modelar a raia do firmware/navegação,https://github.com/fcte-pi1/2026.2_PI1_Grupo1_Diogo/issues/246,"Sep 21, 2026","Sep 29, 2026","atividade, Software",AP5 - Projeto Conceitual,"GustOki, samuelncaetano",https://github.com/fcte-pi1/2026.2_PI1_Grupo1_Diogo/issues/245,,Fechado,,,,#241
2.2 Modelar a raia do backend (recepção/persistência),https://github.com/fcte-pi1/2026.2_PI1_Grupo1_Diogo/issues/247,"Sep 21, 2026","Sep 25, 2026","atividade, Software",AP5 - Projeto Conceitual,LucasAlves71,https://github.com/fcte-pi1/2026.2_PI1_Grupo1_Diogo/issues/245,,Fechado,,,https://github.com/fcte-pi1/2026.2_PI1_Grupo1_Diogo/pull/261,#242
2.3 Modelar a raia do operador + frontend,https://github.com/fcte-pi1/2026.2_PI1_Grupo1_Diogo/issues/248,"Sep 21, 2026","Sep 27, 2026","atividade, Software",AP5 - Projeto Conceitual,"Natan8643, alice-mariano",https://github.com/fcte-pi1/2026.2_PI1_Grupo1_Diogo/issues/245,,Fechado,,,,#243
"2.4 Consolidar em um diagrama único e revisar notação (raias, decisão, fork/join)",https://github.com/fcte-pi1/2026.2_PI1_Grupo1_Diogo/issues/249,"Sep 21, 2026","Sep 29, 2026","atividade, Software",AP5 - Projeto Conceitual,"GustOki, samuelncaetano",https://github.com/fcte-pi1/2026.2_PI1_Grupo1_Diogo/issues/245,,Fechado,,,,"#246, #247, #248"
Épico 3 — Arquitetura da Solução (visões 4+1),https://github.com/fcte-pi1/2026.2_PI1_Grupo1_Diogo/issues/250,"Sep 21, 2026","Sep 28, 2026","épico, Software",AP5 - Projeto Conceitual,samuelncaetano,https://github.com/fcte-pi1/2026.2_PI1_Grupo1_Diogo/issues/17,5 / 5 (100%),Fechado,Sprint 4,0,,#240
"3.1 Decidir e justificar a stack (padrão, linguagens, frameworks, banco de dados)",https://github.com/fcte-pi1/2026.2_PI1_Grupo1_Diogo/issues/251,"Sep 21, 2026","Sep 25, 2026","atividade, Software",AP5 - Projeto Conceitual,"GustOki, samuelncaetano",https://github.com/fcte-pi1/2026.2_PI1_Grupo1_Diogo/issues/250,,Fechado,,,,#240
3.2 Visões do firmware (lógica / processos / implementação),https://github.com/fcte-pi1/2026.2_PI1_Grupo1_Diogo/issues/252,"Sep 21, 2026","Sep 29, 2026","atividade, Software",AP5 - Projeto Conceitual,"GustOki, samuelncaetano",https://github.com/fcte-pi1/2026.2_PI1_Grupo1_Diogo/issues/250,,Fechado,,,,#251
3.3 Visões do backend + modelo de dados (MER + DER),https://github.com/fcte-pi1/2026.2_PI1_Grupo1_Diogo/issues/253,"Sep 21, 2026","Sep 25, 2026","atividade, Software",AP5 - Projeto Conceitual,LucasAlves71,https://github.com/fcte-pi1/2026.2_PI1_Grupo1_Diogo/issues/250,,Fechado,,,https://github.com/fcte-pi1/2026.2_PI1_Grupo1_Diogo/pull/261,#251
3.4 Visões do frontend (lógica / implementação),https://github.com/fcte-pi1/2026.2_PI1_Grupo1_Diogo/issues/254,"Sep 21, 2026","Sep 29, 2026","atividade, Software",AP5 - Projeto Conceitual,"Natan8643, alice-mariano",https://github.com/fcte-pi1/2026.2_PI1_Grupo1_Diogo/issues/250,,Fechado,,,,#251
3.5 Visão de implantação + integração das visões e revisão final,https://github.com/fcte-pi1/2026.2_PI1_Grupo1_Diogo/issues/255,"Sep 21, 2026","Sep 29, 2026","atividade, Software",AP5 - Projeto Conceitual,"GustOki, samuelncaetano",https://github.com/fcte-pi1/2026.2_PI1_Grupo1_Diogo/issues/250,,Fechado,,,,"#252, #253, #254"
Épico 4 — Roteiro de Testes Funcionais,https://github.com/fcte-pi1/2026.2_PI1_Grupo1_Diogo/issues/256,"Sep 21, 2026","Sep 28, 2026","épico, Software",AP5 - Projeto Conceitual,samuelncaetano,https://github.com/fcte-pi1/2026.2_PI1_Grupo1_Diogo/issues/17,4 / 4 (100%),Fechado,Sprint 4,0,,#240
4.1 Casos de teste do firmware (RF Must have),https://github.com/fcte-pi1/2026.2_PI1_Grupo1_Diogo/issues/257,"Sep 21, 2026","Sep 29, 2026","atividade, Software",AP5 - Projeto Conceitual,"GustOki, samuelncaetano",https://github.com/fcte-pi1/2026.2_PI1_Grupo1_Diogo/issues/256,,Fechado,,,,#241
4.2 Casos de teste do backend (reaproveitar os critérios de aceite dos RF),https://github.com/fcte-pi1/2026.2_PI1_Grupo1_Diogo/issues/258,"Sep 21, 2026","Sep 25, 2026","atividade, Software",AP5 - Projeto Conceitual,LucasAlves71,https://github.com/fcte-pi1/2026.2_PI1_Grupo1_Diogo/issues/256,,Fechado,,,https://github.com/fcte-pi1/2026.2_PI1_Grupo1_Diogo/pull/261,#242
4.3 Casos de teste do frontend,https://github.com/fcte-pi1/2026.2_PI1_Grupo1_Diogo/issues/259,"Sep 21, 2026","Sep 29, 2026","atividade, Software",AP5 - Projeto Conceitual,"Natan8643, alice-mariano",https://github.com/fcte-pi1/2026.2_PI1_Grupo1_Diogo/issues/256,,Fechado,,,,#243
4.4 Revisar rastreabilidade (RF/HU ↔ caso de teste),https://github.com/fcte-pi1/2026.2_PI1_Grupo1_Diogo/issues/260,"Sep 21, 2026","Sep 29, 2026","atividade, Software",AP5 - Projeto Conceitual,"GustOki, samuelncaetano",https://github.com/fcte-pi1/2026.2_PI1_Grupo1_Diogo/issues/256,,Fechado,,,,"#257, #258, #259"
2.4.2. Calcular energia total e definir a margem de segurança,https://github.com/fcte-pi1/2026.2_PI1_Grupo1_Diogo/issues/47,"Sep 22, 2026","Sep 25, 2026","atividade, Energia",AP5 - Projeto Conceitual,"Acciolyy, kalebmacedo",https://github.com/fcte-pi1/2026.2_PI1_Grupo1_Diogo/issues/15,,Fechado,,,,2.4.1
"2.4.3. Definir o circuito de alimentação, reguladores e proteções",https://github.com/fcte-pi1/2026.2_PI1_Grupo1_Diogo/issues/48,"Sep 22, 2026","Sep 26, 2026","atividade, Energia",AP5 - Projeto Conceitual,"Acciolyy, kalebmacedo, teuszindls",https://github.com/fcte-pi1/2026.2_PI1_Grupo1_Diogo/issues/15,,Fechado,,,,2.4.2
"2.5.2. Esquemático elétrico com componentes, conexões e pinagem",https://github.com/fcte-pi1/2026.2_PI1_Grupo1_Diogo/issues/51,"Sep 22, 2026","Sep 28, 2026","atividade, Eletrônica",AP5 - Projeto Conceitual,KelytonSantos,https://github.com/fcte-pi1/2026.2_PI1_Grupo1_Diogo/issues/16,,Fechado,,,,2.5.1
2.5.3. Mapa de pinos do ESP32 e endereçamento do barramento I2C,https://github.com/fcte-pi1/2026.2_PI1_Grupo1_Diogo/issues/52,"Sep 22, 2026","Sep 28, 2026","atividade, Eletrônica",AP5 - Projeto Conceitual,"KelytonSantos, GabrielCotrim-alt",https://github.com/fcte-pi1/2026.2_PI1_Grupo1_Diogo/issues/16,,Fechado,,,,2.5.1
2.3.2. Justificar as decisões de projeto estrutural,https://github.com/fcte-pi1/2026.2_PI1_Grupo1_Diogo/issues/44,"Sep 24, 2026","Sep 28, 2026","atividade, Estruturas",AP5 - Projeto Conceitual,gabrielcs-aero,https://github.com/fcte-pi1/2026.2_PI1_Grupo1_Diogo/issues/14,,Fechado,,,,2.3.1
2.3.3. Preencher o documento de projeto conceitual de estruturas,https://github.com/fcte-pi1/2026.2_PI1_Grupo1_Diogo/issues/45,"Sep 24, 2026","Sep 28, 2026","atividade, Estruturas",AP5 - Projeto Conceitual,gabrielcs-aero,https://github.com/fcte-pi1/2026.2_PI1_Grupo1_Diogo/issues/14,,Fechado,,,,2.3.1
2.4.4. Preencher o documento de projeto conceitual de energia,https://github.com/fcte-pi1/2026.2_PI1_Grupo1_Diogo/issues/49,"Sep 25, 2026","Sep 28, 2026","atividade, Energia",AP5 - Projeto Conceitual,teuszindls,https://github.com/fcte-pi1/2026.2_PI1_Grupo1_Diogo/issues/15,,Fechado,,,,2.4.3
2.8.2. Incluir mão de obra pelo valor/hora de estudante da UnB,https://github.com/fcte-pi1/2026.2_PI1_Grupo1_Diogo/issues/65,"Sep 25, 2026","Sep 28, 2026","atividade, Geral",AP6 - Cronograma e Orcamento,GustOki,https://github.com/fcte-pi1/2026.2_PI1_Grupo1_Diogo/issues/19,,Fechado,,,,2.8.1
2.5.4. Preencher o documento de projeto conceitual de hardware,https://github.com/fcte-pi1/2026.2_PI1_Grupo1_Diogo/issues/53,"Sep 26, 2026","Sep 28, 2026","atividade, Eletrônica",AP5 - Projeto Conceitual,matiasmarin89,https://github.com/fcte-pi1/2026.2_PI1_Grupo1_Diogo/issues/16,,Fechado,,,,2.5.2
2.7.2. Exportar o CSV da view Cronograma de Atividades,https://github.com/fcte-pi1/2026.2_PI1_Grupo1_Diogo/issues/62,"Sep 28, 2026","Sep 29, 2026","atividade, Geral",AP6 - Cronograma e Orcamento,"GustOki, LucasAlves71",https://github.com/fcte-pi1/2026.2_PI1_Grupo1_Diogo/issues/18,,Fechado,,,,2.7.1
2.8.3. Preencher o documento de orçamento,https://github.com/fcte-pi1/2026.2_PI1_Grupo1_Diogo/issues/66,"Sep 28, 2026","Sep 30, 2026","atividade, Geral",AP6 - Cronograma e Orcamento,GustOki,https://github.com/fcte-pi1/2026.2_PI1_Grupo1_Diogo/issues/19,,Fechado,,,,2.8.2
2.7.3. Renderizar o CSV em tabela Markdown no documento,https://github.com/fcte-pi1/2026.2_PI1_Grupo1_Diogo/issues/63,"Sep 29, 2026","Sep 30, 2026","atividade, Geral",AP6 - Cronograma e Orcamento,"LucasAlves71, alice-mariano",https://github.com/fcte-pi1/2026.2_PI1_Grupo1_Diogo/issues/18,,Fechado,,,,2.7.2
F3. Execução,https://github.com/fcte-pi1/2026.2_PI1_Grupo1_Diogo/issues/4,"Oct 1, 2026","Nov 23, 2026","Fase, Geral",AP18 - Testes de Integracao,"GustOki, matiasmarin89",,0 / 2 (0%),A Fazer,,,,F2
3. Entrega 3 — Construção e Testes das Frentes,https://github.com/fcte-pi1/2026.2_PI1_Grupo1_Diogo/issues/8,"Oct 1, 2026","Oct 26, 2026","entrega, Geral",AP12 - Testes das Frentes,"gabrielcs-aero, GustOki",https://github.com/fcte-pi1/2026.2_PI1_Grupo1_Diogo/issues/4,0 / 9 (0%),A Fazer,,,,2
3.1. Aquisição de Componentes,https://github.com/fcte-pi1/2026.2_PI1_Grupo1_Diogo/issues/20,"Oct 1, 2026","Oct 12, 2026","pacote de trabalho, Geral",AP12 - Testes das Frentes,"matiasmarin89, GabrielCotrim-alt",https://github.com/fcte-pi1/2026.2_PI1_Grupo1_Diogo/issues/8,,A Fazer,,,,2.8
3.2. Chassi e Sistema de Locomoção,https://github.com/fcte-pi1/2026.2_PI1_Grupo1_Diogo/issues/21,"Oct 1, 2026","Oct 26, 2026","pacote de trabalho, Estruturas",AP12 - Testes das Frentes,"EduOValadares, spycidymaligno",https://github.com/fcte-pi1/2026.2_PI1_Grupo1_Diogo/issues/8,0 / 2 (0%),A Fazer,,,,2.3
3.3. Labirinto de Testes,https://github.com/fcte-pi1/2026.2_PI1_Grupo1_Diogo/issues/22,"Oct 1, 2026","Oct 26, 2026","pacote de trabalho, Estruturas",AP12 - Testes das Frentes,"EduOValadares, davicarneiroo",https://github.com/fcte-pi1/2026.2_PI1_Grupo1_Diogo/issues/8,0 / 4 (0%),A Fazer,,,,2.3
3.4. Subsistema de Alimentação,https://github.com/fcte-pi1/2026.2_PI1_Grupo1_Diogo/issues/23,"Oct 1, 2026","Oct 26, 2026","pacote de trabalho, Energia",AP12 - Testes das Frentes,"Acciolyy, teuszindls",https://github.com/fcte-pi1/2026.2_PI1_Grupo1_Diogo/issues/8,0 / 4 (0%),A Fazer,,,,2.4
3.5. Eletrônica Embarcada,https://github.com/fcte-pi1/2026.2_PI1_Grupo1_Diogo/issues/24,"Oct 1, 2026","Oct 26, 2026","pacote de trabalho, Eletrônica",AP12 - Testes das Frentes,"KelytonSantos, matiasmarin89",https://github.com/fcte-pi1/2026.2_PI1_Grupo1_Diogo/issues/8,0 / 3 (0%),A Fazer,,,,2.5
3.6. Firmware de Sensoriamento e Atuação,https://github.com/fcte-pi1/2026.2_PI1_Grupo1_Diogo/issues/25,"Oct 1, 2026","Oct 26, 2026","pacote de trabalho, Software",AP12 - Testes das Frentes,"GustOki, samuelncaetano",https://github.com/fcte-pi1/2026.2_PI1_Grupo1_Diogo/issues/8,0 / 5 (0%),A Fazer,,,,2.6
3.7. Algoritmo de Navegação (Flood Fill),https://github.com/fcte-pi1/2026.2_PI1_Grupo1_Diogo/issues/26,"Oct 1, 2026","Oct 26, 2026","pacote de trabalho, Software",AP12 - Testes das Frentes,"GustOki, samuelncaetano",https://github.com/fcte-pi1/2026.2_PI1_Grupo1_Diogo/issues/8,0 / 3 (0%),A Fazer,,,,2.6
3.8. Sistema Web de Telemetria,https://github.com/fcte-pi1/2026.2_PI1_Grupo1_Diogo/issues/27,"Oct 1, 2026","Oct 26, 2026","pacote de trabalho, Software",AP12 - Testes das Frentes,"LucasAlves71, alice-mariano",https://github.com/fcte-pi1/2026.2_PI1_Grupo1_Diogo/issues/8,0 / 10 (0%),A Fazer,,,,2.6
3.3.1. Design do labirinto,https://github.com/fcte-pi1/2026.2_PI1_Grupo1_Diogo/issues/293,"Oct 1, 2026","Oct 22, 2026",Estruturas,AP12 - Testes das Frentes,"davicarneiroo, spycidymaligno",https://github.com/fcte-pi1/2026.2_PI1_Grupo1_Diogo/issues/22,,A Fazer,,0,,2.3
3.5.1. Montagem em protoboard e validação individual,https://github.com/fcte-pi1/2026.2_PI1_Grupo1_Diogo/issues/294,"Oct 1, 2026","Oct 26, 2026","atividade, Eletrônica",AP12 - Testes das Frentes,"matiasmarin89, GabrielCotrim-alt",https://github.com/fcte-pi1/2026.2_PI1_Grupo1_Diogo/issues/24,,A Fazer,,0,,2.5
3.5.2 Implementação de reendereçamento dos VL53L1X,https://github.com/fcte-pi1/2026.2_PI1_Grupo1_Diogo/issues/295,"Oct 1, 2026","Oct 26, 2026","atividade, Eletrônica",AP12 - Testes das Frentes,"KelytonSantos, Ricardo-909-Leal",https://github.com/fcte-pi1/2026.2_PI1_Grupo1_Diogo/issues/24,,A Fazer,,0,,3.5.1
3.5.3 Montagem na perfboard,https://github.com/fcte-pi1/2026.2_PI1_Grupo1_Diogo/issues/296,"Oct 1, 2026","Oct 26, 2026","atividade, Eletrônica",AP12 - Testes das Frentes,"matiasmarin89, GabrielCotrim-alt",https://github.com/fcte-pi1/2026.2_PI1_Grupo1_Diogo/issues/24,,A Fazer,,0,,"3.5.1, 3.5.2"
3.4.1. Dimensionamento e Posicionamento da Bateria,https://github.com/fcte-pi1/2026.2_PI1_Grupo1_Diogo/issues/301,"Oct 1, 2026","Oct 7, 2026","pacote de trabalho, Energia",AP12 - Testes das Frentes,"teuszindls, Bielziin07",https://github.com/fcte-pi1/2026.2_PI1_Grupo1_Diogo/issues/23,,A Fazer,,0,,2.4
3.6.1. Configurar o projeto PlatformIO e a arquitetura em camadas do firmware,https://github.com/fcte-pi1/2026.2_PI1_Grupo1_Diogo/issues/311,"Oct 1, 2026","Oct 4, 2026","atividade, Software",AP12 - Testes das Frentes,"GustOki, samuelncaetano",https://github.com/fcte-pi1/2026.2_PI1_Grupo1_Diogo/issues/25,,A Fazer,Sprint 5,,,2.6
3.7.1. Implementar o mapa do labirinto e o Flood Fill em simulação no PC (RF-37 a RF-41),https://github.com/fcte-pi1/2026.2_PI1_Grupo1_Diogo/issues/316,"Oct 1, 2026","Oct 11, 2026","atividade, Software",AP12 - Testes das Frentes,"GustOki, samuelncaetano",https://github.com/fcte-pi1/2026.2_PI1_Grupo1_Diogo/issues/26,,A Fazer,Sprint 5,,,2.6
3.8.1. Definir e versionar o esquema JSON do protocolo de telemetria,https://github.com/fcte-pi1/2026.2_PI1_Grupo1_Diogo/issues/319,"Oct 1, 2026","Oct 4, 2026","atividade, Software",AP12 - Testes das Frentes,"LucasAlves71, samuelncaetano",https://github.com/fcte-pi1/2026.2_PI1_Grupo1_Diogo/issues/27,,A Fazer,Sprint 5,,,2.6
"3.8.2. Configurar o backend (Node.js, TypeScript, WebSocket e PostgreSQL via Docker Compose)",https://github.com/fcte-pi1/2026.2_PI1_Grupo1_Diogo/issues/320,"Oct 1, 2026","Oct 4, 2026","atividade, Software",AP12 - Testes das Frentes,"Natan8643, LucasAlves71",https://github.com/fcte-pi1/2026.2_PI1_Grupo1_Diogo/issues/27,,A Fazer,Sprint 5,,,2.6
"3.8.3. Configurar o frontend (React, Vite e TypeScript) e o cliente WebSocket",https://github.com/fcte-pi1/2026.2_PI1_Grupo1_Diogo/issues/321,"Oct 1, 2026","Oct 4, 2026","atividade, Software",AP12 - Testes das Frentes,"Natan8643, alice-mariano",https://github.com/fcte-pi1/2026.2_PI1_Grupo1_Diogo/issues/27,,A Fazer,Sprint 5,,,2.6
"3.6.2. Implementar os drivers dos sensores ToF, IMU e INA219 e o auto-teste de boot (RF-27 a RF-36)",https://github.com/fcte-pi1/2026.2_PI1_Grupo1_Diogo/issues/312,"Oct 5, 2026","Oct 18, 2026","atividade, Software",AP12 - Testes das Frentes,"GustOki, samuelncaetano",https://github.com/fcte-pi1/2026.2_PI1_Grupo1_Diogo/issues/25,,A Fazer,Sprint 6,,,"3.6.1, 3.1"
3.7.2. Implementar a máquina de estados de navegação e o tratamento de falhas (RF-54 a RF-56),https://github.com/fcte-pi1/2026.2_PI1_Grupo1_Diogo/issues/317,"Oct 5, 2026","Oct 11, 2026","atividade, Software",AP12 - Testes das Frentes,"GustOki, samuelncaetano",https://github.com/fcte-pi1/2026.2_PI1_Grupo1_Diogo/issues/26,,A Fazer,Sprint 6,,,3.7.1
3.8.4. Desenvolver o simulador de robô para testes do sistema web (RNF-53),https://github.com/fcte-pi1/2026.2_PI1_Grupo1_Diogo/issues/322,"Oct 5, 2026","Oct 11, 2026","atividade, Software",AP12 - Testes das Frentes,"LucasAlves71, alice-mariano",https://github.com/fcte-pi1/2026.2_PI1_Grupo1_Diogo/issues/27,,A Fazer,Sprint 6,,,3.8.1
"3.8.5. Implementar a ingestão da telemetria: autenticação, heartbeat, ack, validação e idempotência (RF-72 a RF-77)",https://github.com/fcte-pi1/2026.2_PI1_Grupo1_Diogo/issues/323,"Oct 5, 2026","Oct 11, 2026","atividade, Software",AP12 - Testes das Frentes,"Natan8643, LucasAlves71",https://github.com/fcte-pi1/2026.2_PI1_Grupo1_Diogo/issues/27,,A Fazer,Sprint 6,,,"3.8.1, 3.8.2"
"3.8.6. Desenvolver o painel ao vivo: dados obrigatórios, estado da conexão e cronômetro (RF-57 a RF-59, RF-64)",https://github.com/fcte-pi1/2026.2_PI1_Grupo1_Diogo/issues/324,"Oct 5, 2026","Oct 11, 2026","atividade, Software",AP12 - Testes das Frentes,"Natan8643, alice-mariano",https://github.com/fcte-pi1/2026.2_PI1_Grupo1_Diogo/issues/27,,A Fazer,Sprint 6,,,3.8.3
3.4.2. Regulação e Conversão de Tensão,https://github.com/fcte-pi1/2026.2_PI1_Grupo1_Diogo/issues/302,"Oct 8, 2026","Oct 14, 2026","pacote de trabalho, Energia",AP12 - Testes das Frentes,"Acciolyy, Bielziin07",https://github.com/fcte-pi1/2026.2_PI1_Grupo1_Diogo/issues/23,,A Fazer,,0,,3.4.1
3.2.1. Impressão 3D,https://github.com/fcte-pi1/2026.2_PI1_Grupo1_Diogo/issues/299,"Oct 10, 2026","Oct 15, 2026","atividade, Estruturas",AP12 - Testes das Frentes,"gabrielcs-aero, EduOValadares",https://github.com/fcte-pi1/2026.2_PI1_Grupo1_Diogo/issues/21,,A Fazer,,0,,2.3
"3.6.3. Implementar PWM dos motores, leitura dos encoders e odometria (RF-42, RF-47 a RF-50)",https://github.com/fcte-pi1/2026.2_PI1_Grupo1_Diogo/issues/313,"Oct 12, 2026","Oct 18, 2026","atividade, Software",AP12 - Testes das Frentes,"GustOki, samuelncaetano",https://github.com/fcte-pi1/2026.2_PI1_Grupo1_Diogo/issues/25,,A Fazer,Sprint 7,,,"3.6.1, 3.1"
3.6.4. Implementar a conexão Wi-Fi e o envio da telemetria ao backend (RF-51 a RF-53),https://github.com/fcte-pi1/2026.2_PI1_Grupo1_Diogo/issues/314,"Oct 12, 2026","Oct 18, 2026","atividade, Software",AP12 - Testes das Frentes,"GustOki, LucasAlves71",https://github.com/fcte-pi1/2026.2_PI1_Grupo1_Diogo/issues/25,,A Fazer,Sprint 7,,,3.8.1
3.7.3. Escrever os testes unitários do Flood Fill e da máquina de estados,https://github.com/fcte-pi1/2026.2_PI1_Grupo1_Diogo/issues/318,"Oct 12, 2026","Oct 18, 2026","atividade, Software",AP12 - Testes das Frentes,"GustOki, samuelncaetano",https://github.com/fcte-pi1/2026.2_PI1_Grupo1_Diogo/issues/26,,A Fazer,Sprint 7,,,"3.7.1, 3.7.2"
3.8.7. Implementar a persistência das corridas e o cálculo das métricas (RF-78 a RF-87),https://github.com/fcte-pi1/2026.2_PI1_Grupo1_Diogo/issues/325,"Oct 12, 2026","Oct 18, 2026","atividade, Software",AP12 - Testes das Frentes,"Natan8643, LucasAlves71",https://github.com/fcte-pi1/2026.2_PI1_Grupo1_Diogo/issues/27,,A Fazer,Sprint 7,,,3.8.5
3.8.8. Renderizar o labirinto e o trajeto percorrido em Canvas (RF-60 a RF-63),https://github.com/fcte-pi1/2026.2_PI1_Grupo1_Diogo/issues/326,"Oct 12, 2026","Oct 18, 2026","atividade, Software",AP12 - Testes das Frentes,"Natan8643, alice-mariano",https://github.com/fcte-pi1/2026.2_PI1_Grupo1_Diogo/issues/27,,A Fazer,Sprint 7,,,3.8.6
3.4.3. Circuitos de Proteção e Monitoramento,https://github.com/fcte-pi1/2026.2_PI1_Grupo1_Diogo/issues/303,"Oct 15, 2026","Oct 21, 2026","pacote de trabalho, Energia",AP12 - Testes das Frentes,"Acciolyy, kalebmacedo",https://github.com/fcte-pi1/2026.2_PI1_Grupo1_Diogo/issues/23,,A Fazer,,0,,3.4.2
3.2.2 Acoplagem das rodas e motores,https://github.com/fcte-pi1/2026.2_PI1_Grupo1_Diogo/issues/300,"Oct 16, 2026","Oct 17, 2026","atividade, Estruturas",AP12 - Testes das Frentes,"EduOValadares, Jp-te",https://github.com/fcte-pi1/2026.2_PI1_Grupo1_Diogo/issues/21,,A Fazer,,0,,3.2.1
3.9.1.1 Teste de estabilidade,https://github.com/fcte-pi1/2026.2_PI1_Grupo1_Diogo/issues/306,"Oct 18, 2026","Oct 19, 2026","atividade, Estruturas",AP12 - Testes das Frentes,"Jp-te, davicarneiroo",https://github.com/fcte-pi1/2026.2_PI1_Grupo1_Diogo/issues/67,,A Fazer,,0,,3.2.2
3.9. Testes das Frentes,https://github.com/fcte-pi1/2026.2_PI1_Grupo1_Diogo/issues/28,"Oct 19, 2026","Oct 26, 2026","pacote de trabalho, Geral",AP12 - Testes das Frentes,"gabrielcs-aero, samuelncaetano",https://github.com/fcte-pi1/2026.2_PI1_Grupo1_Diogo/issues/8,0 / 4 (0%),A Fazer,,,,3.8
3.9.1. Executar e documentar os testes de estrutura,https://github.com/fcte-pi1/2026.2_PI1_Grupo1_Diogo/issues/67,"Oct 19, 2026","Oct 26, 2026","atividade, Estruturas",AP12 - Testes das Frentes,"gabrielcs-aero, davicarneiroo",https://github.com/fcte-pi1/2026.2_PI1_Grupo1_Diogo/issues/28,0 / 2 (0%),A Fazer,,,,"3.2, 3.3"
3.9.2. Executar e documentar os testes de energia,https://github.com/fcte-pi1/2026.2_PI1_Grupo1_Diogo/issues/68,"Oct 19, 2026","Oct 26, 2026","atividade, Energia",AP12 - Testes das Frentes,"teuszindls, Bielziin07",https://github.com/fcte-pi1/2026.2_PI1_Grupo1_Diogo/issues/28,,A Fazer,,,,3.4
3.9.3. Executar e documentar os testes de hardware,https://github.com/fcte-pi1/2026.2_PI1_Grupo1_Diogo/issues/69,"Oct 19, 2026","Oct 26, 2026","atividade, Eletrônica",AP12 - Testes das Frentes,"KelytonSantos, matiasmarin89",https://github.com/fcte-pi1/2026.2_PI1_Grupo1_Diogo/issues/28,,A Fazer,,,,3.5
3.9.4. Executar e documentar os testes de software,https://github.com/fcte-pi1/2026.2_PI1_Grupo1_Diogo/issues/70,"Oct 19, 2026","Oct 26, 2026","atividade, Software",AP12 - Testes das Frentes,"Natan8643, samuelncaetano",https://github.com/fcte-pi1/2026.2_PI1_Grupo1_Diogo/issues/28,0 / 2 (0%),A Fazer,,,,"3.6, 3.7, 3.8"
3.4.4. Distribuição de Potência (PCB e Conectores),https://github.com/fcte-pi1/2026.2_PI1_Grupo1_Diogo/issues/305,"Oct 19, 2026","Oct 26, 2026","pacote de trabalho, Energia",AP12 - Testes das Frentes,"kalebmacedo, teuszindls",https://github.com/fcte-pi1/2026.2_PI1_Grupo1_Diogo/issues/23,,A Fazer,,0,,3.4.3
3.9.1.2 Teste de encaixes,https://github.com/fcte-pi1/2026.2_PI1_Grupo1_Diogo/issues/307,"Oct 19, 2026","Oct 20, 2026","atividade, Estruturas",AP12 - Testes das Frentes,"gabrielcs-aero, spycidymaligno",https://github.com/fcte-pi1/2026.2_PI1_Grupo1_Diogo/issues/67,,A Fazer,,0,,3.2.2
"3.6.5. Implementar o controle PID, a correção de trajetória e as curvas (RF-43 a RF-46)",https://github.com/fcte-pi1/2026.2_PI1_Grupo1_Diogo/issues/315,"Oct 19, 2026","Oct 25, 2026","atividade, Software",AP12 - Testes das Frentes,"GustOki, samuelncaetano",https://github.com/fcte-pi1/2026.2_PI1_Grupo1_Diogo/issues/25,,A Fazer,Sprint 8,,,3.6.3
"3.8.9. Implementar a distribuição em tempo real e a API de consulta (RF-88 a RF-93, RF-95)",https://github.com/fcte-pi1/2026.2_PI1_Grupo1_Diogo/issues/327,"Oct 19, 2026","Oct 25, 2026","atividade, Software",AP12 - Testes das Frentes,"Natan8643, LucasAlves71",https://github.com/fcte-pi1/2026.2_PI1_Grupo1_Diogo/issues/27,,A Fazer,Sprint 8,,,3.8.7
"3.8.10. Desenvolver o histórico de execuções e o filtro por tipo de labirinto (RF-65, RF-66)",https://github.com/fcte-pi1/2026.2_PI1_Grupo1_Diogo/issues/328,"Oct 19, 2026","Oct 25, 2026","atividade, Software",AP12 - Testes das Frentes,"LucasAlves71, alice-mariano",https://github.com/fcte-pi1/2026.2_PI1_Grupo1_Diogo/issues/27,,A Fazer,Sprint 8,,,"3.8.7, 3.8.8"
3.9.4.1. Executar e documentar os testes do firmware,https://github.com/fcte-pi1/2026.2_PI1_Grupo1_Diogo/issues/329,"Oct 19, 2026","Oct 26, 2026","atividade, Software",AP12 - Testes das Frentes,"GustOki, samuelncaetano",https://github.com/fcte-pi1/2026.2_PI1_Grupo1_Diogo/issues/70,,A Fazer,Sprint 8,,,"3.6, 3.7"
3.9.4.2. Executar e documentar os testes do sistema web com o simulador,https://github.com/fcte-pi1/2026.2_PI1_Grupo1_Diogo/issues/330,"Oct 19, 2026","Oct 26, 2026","atividade, Software",AP12 - Testes das Frentes,"Natan8643, alice-mariano",https://github.com/fcte-pi1/2026.2_PI1_Grupo1_Diogo/issues/70,,A Fazer,Sprint 8,,,3.8
3.3.2. Compra dos materiais,https://github.com/fcte-pi1/2026.2_PI1_Grupo1_Diogo/issues/292,"Oct 22, 2026","Oct 23, 2026","pacote de trabalho, Estruturas",AP12 - Testes das Frentes,"gabrielcs-aero, spycidymaligno",https://github.com/fcte-pi1/2026.2_PI1_Grupo1_Diogo/issues/22,,A Fazer,,,,3.3.1
3.3.3. Montagem do labirinto,https://github.com/fcte-pi1/2026.2_PI1_Grupo1_Diogo/issues/297,"Oct 25, 2026","Oct 29, 2026",Estruturas,AP12 - Testes das Frentes,"EduOValadares, spycidymaligno",https://github.com/fcte-pi1/2026.2_PI1_Grupo1_Diogo/issues/22,,A Fazer,,0,,3.3.2
4. Entrega 4 — Integração,https://github.com/fcte-pi1/2026.2_PI1_Grupo1_Diogo/issues/9,"Oct 27, 2026","Nov 23, 2026","entrega, Geral",AP18 - Testes de Integracao,"GustOki, samuelncaetano",https://github.com/fcte-pi1/2026.2_PI1_Grupo1_Diogo/issues/4,0 / 4 (0%),A Fazer,,,,3
4.1. Integração Hardware–Estrutura,https://github.com/fcte-pi1/2026.2_PI1_Grupo1_Diogo/issues/29,"Oct 27, 2026","Oct 31, 2026","pacote de trabalho, Estruturas",AP18 - Testes de Integracao,"gabrielcs-aero, matiasmarin89",https://github.com/fcte-pi1/2026.2_PI1_Grupo1_Diogo/issues/9,0 / 1 (0%),A Fazer,,,,3.9
4.2. Integração Firmware–Hardware,https://github.com/fcte-pi1/2026.2_PI1_Grupo1_Diogo/issues/30,"Oct 27, 2026","Nov 9, 2026","pacote de trabalho, Eletrônica",AP18 - Testes de Integracao,"KelytonSantos, samuelncaetano",https://github.com/fcte-pi1/2026.2_PI1_Grupo1_Diogo/issues/9,,A Fazer,,,,3.9
4.3. Integração Firmware–Sistema Web,https://github.com/fcte-pi1/2026.2_PI1_Grupo1_Diogo/issues/31,"Oct 27, 2026","Nov 9, 2026","pacote de trabalho, Software",AP18 - Testes de Integracao,"Natan8643, GustOki",https://github.com/fcte-pi1/2026.2_PI1_Grupo1_Diogo/issues/9,0 / 3 (0%),A Fazer,,,,3.9
4.1.1. Integrar o chassi com os componentes eletrônicos,https://github.com/fcte-pi1/2026.2_PI1_Grupo1_Diogo/issues/304,"Oct 27, 2026","Oct 31, 2026","Eletrônica, Estruturas",AP18 - Testes de Integracao,"EduOValadares, matiasmarin89",https://github.com/fcte-pi1/2026.2_PI1_Grupo1_Diogo/issues/29,,A Fazer,,0,,"3.2, 3.5"
4.3.1. Conectar o robô ao backend na rede local isolada e validar o protocolo,https://github.com/fcte-pi1/2026.2_PI1_Grupo1_Diogo/issues/331,"Oct 27, 2026","Nov 1, 2026","atividade, Software",AP18 - Testes de Integracao,"GustOki, LucasAlves71",https://github.com/fcte-pi1/2026.2_PI1_Grupo1_Diogo/issues/31,,A Fazer,Sprint 9,,,"3.6.4, 3.8.9"
3.3.4. Revisão do labirinto,https://github.com/fcte-pi1/2026.2_PI1_Grupo1_Diogo/issues/298,"Oct 30, 2026","Oct 31, 2026","atividade, Estruturas",AP12 - Testes das Frentes,"Jp-te, spycidymaligno",https://github.com/fcte-pi1/2026.2_PI1_Grupo1_Diogo/issues/22,,A Fazer,,0,,3.3.3
4.3.2. Validar o painel com dados reais do robô e ajustar a exibição,https://github.com/fcte-pi1/2026.2_PI1_Grupo1_Diogo/issues/332,"Nov 2, 2026","Nov 9, 2026","atividade, Software",AP18 - Testes de Integracao,"Natan8643, alice-mariano",https://github.com/fcte-pi1/2026.2_PI1_Grupo1_Diogo/issues/31,,A Fazer,Sprint 10,,,4.3.1
"4.3.3. Testar a reconexão e a perda de sinal durante a corrida (RF-73, RF-92)",https://github.com/fcte-pi1/2026.2_PI1_Grupo1_Diogo/issues/333,"Nov 2, 2026","Nov 9, 2026","atividade, Software",AP18 - Testes de Integracao,"Natan8643, GustOki",https://github.com/fcte-pi1/2026.2_PI1_Grupo1_Diogo/issues/31,,A Fazer,Sprint 10,,,4.3.1
4.4. Testes de Integração,https://github.com/fcte-pi1/2026.2_PI1_Grupo1_Diogo/issues/32,"Nov 10, 2026","Nov 23, 2026","pacote de trabalho, Geral",AP18 - Testes de Integracao,"GustOki, samuelncaetano",https://github.com/fcte-pi1/2026.2_PI1_Grupo1_Diogo/issues/9,0 / 1 (0%),A Fazer,,,,4.3
4.4.1. Executar e documentar os testes de integração,https://github.com/fcte-pi1/2026.2_PI1_Grupo1_Diogo/issues/71,"Nov 10, 2026","Nov 23, 2026","atividade, Geral",AP18 - Testes de Integracao,"GustOki, matiasmarin89",https://github.com/fcte-pi1/2026.2_PI1_Grupo1_Diogo/issues/32,,A Fazer,,,,"4.1, 4.2, 4.3"
F4. Encerramento,https://github.com/fcte-pi1/2026.2_PI1_Grupo1_Diogo/issues/5,"Nov 24, 2026","Dec 4, 2026","Fase, Geral",AP20 - Encerramento,"GustOki, teuszindls",,0 / 1 (0%),A Fazer,,,,F3
5. Entrega 5 — Apresentação e Encerramento,https://github.com/fcte-pi1/2026.2_PI1_Grupo1_Diogo/issues/10,"Nov 24, 2026","Dec 4, 2026","entrega, Geral",AP20 - Encerramento,"GustOki, matiasmarin89",https://github.com/fcte-pi1/2026.2_PI1_Grupo1_Diogo/issues/5,0 / 3 (0%),A Fazer,,,,4
5.1. Apresentação do Produto,https://github.com/fcte-pi1/2026.2_PI1_Grupo1_Diogo/issues/33,"Nov 24, 2026","Dec 2, 2026","pacote de trabalho, Geral",APT - Apresentacao do Produto,"GustOki, matiasmarin89",https://github.com/fcte-pi1/2026.2_PI1_Grupo1_Diogo/issues/10,,A Fazer,,,,4.4
5.2. Avaliação de Desempenho da Equipe,https://github.com/fcte-pi1/2026.2_PI1_Grupo1_Diogo/issues/34,"Nov 30, 2026","Dec 4, 2026","pacote de trabalho, Geral",AP20 - Encerramento,"GustOki, teuszindls",https://github.com/fcte-pi1/2026.2_PI1_Grupo1_Diogo/issues/10,0 / 1 (0%),A Fazer,,,,4.4
5.3. Relatório de Encerramento,https://github.com/fcte-pi1/2026.2_PI1_Grupo1_Diogo/issues/35,"Nov 30, 2026","Dec 4, 2026","pacote de trabalho, Geral",AP20 - Encerramento,"gabrielcs-aero, GustOki",https://github.com/fcte-pi1/2026.2_PI1_Grupo1_Diogo/issues/10,0 / 1 (0%),A Fazer,,,,5.1
5.2.1. Preencher a avaliação de desempenho da equipe,https://github.com/fcte-pi1/2026.2_PI1_Grupo1_Diogo/issues/72,"Nov 30, 2026","Dec 4, 2026","atividade, Geral",AP20 - Encerramento,"GustOki, teuszindls",https://github.com/fcte-pi1/2026.2_PI1_Grupo1_Diogo/issues/34,,A Fazer,,,,4.4
5.3.1. Preencher o relatório de encerramento do projeto,https://github.com/fcte-pi1/2026.2_PI1_Grupo1_Diogo/issues/73,"Nov 30, 2026","Dec 4, 2026","atividade, Geral",AP20 - Encerramento,"gabrielcs-aero, GustOki",https://github.com/fcte-pi1/2026.2_PI1_Grupo1_Diogo/issues/35,,A Fazer,,,,5.1
